E8QIHLP,perf_la_user_40@gmail.com,Pass19word,LAOrg4,Firstname,Lastname,LASOLICITOR,1774971527194512,la.admin.4@gmail.com,Pass19word
64VIN38,perf_la_user_42@gmail.com,Pass19word,LAOrg5,Firstname,Lastname,LASOLICITOR,1774971489288880,la.admin.5@gmail.com,Pass19word
64VIN38,perf_la_user_43@gmail.com,Pass19word,LAOrg5,Firstname,Lastname,LASOLICITOR,1774971681771204,la.admin.5@gmail.com,Pass19word
64VIN38,perf_la_user_44@gmail.com,Pass19word,LAOrg5,Firstname,Lastname,LASOLICITOR,1774971661817514,la.admin.5@gmail.com,Pass19word
64VIN38,perf_la_user_45@gmail.com,Pass19word,LAOrg5,Firstname,Lastname,LASOLICITOR,1774971642217875,la.admin.5@gmail.com,Pass19word
64VIN38,perf_la_user_46@gmail.com,Pass19word,LAOrg5,Firstname,Lastname,LASOLICITOR,1774971604595516,la.admin.5@gmail.com,Pass19word
64VIN38,perf_la_user_47@gmail.com,Pass19word,LAOrg5,Firstname,Lastname,LASOLICITOR,1774971623130733,la.admin.5@gmail.com,Pass19word
64VIN38,perf_la_user_48@gmail.com,Pass19word,LAOrg5,Firstname,Lastname,LASOLICITOR,1774971737115034,la.admin.5@gmail.com,Pass19word
64VIN38,perf_la_user_49@gmail.com,Pass19word,LAOrg5,Firstname,Lastname,LASOLICITOR,1774971775516580,la.admin.5@gmail.com,Pass19word
64VIN38,perf_la_user_49@gmail.com,Pass19word,LAOrg5,Firstname,Lastname,LASOLICITOR,1774971756188730,la.admin.5@gmail.com,Pass19word
64VIN38,perf_la_user_50@gmail.com,Pass19word,LAOrg5,Firstname,Lastname,LASOLICITOR,1774971833107364,la.admin.5@gmail.com,Pass19word
Z8MUJEA,perf_la_user_1@gmail.com,Pass19word,LAOrg1,Firstname,Lastname,LASOLICITOR,1774971814374694,la.admin.1@gmail.com,Pass19word
Z8MUJEA,perf_la_user_2@gmail.com,Pass19word,LAOrg1,Firstname,Lastname,LASOLICITOR,1774971795221666,la.admin.1@gmail.com,Pass19word
Z8MUJEA,perf_la_user_3@gmail.com,Pass19word,LAOrg1,Firstname,Lastname,LASOLICITOR,1774971909448692,la.admin.1@gmail.com,Pass19word
Z8MUJEA,perf_la_user_4@gmail.com,Pass19word,LAOrg1,Firstname,Lastname,LASOLICITOR,1774971947461574,la.admin.1@gmail.com,Pass19word
Z8MUJEA,perf_la_user_5@gmail.com,Pass19word,LAOrg1,Firstname,Lastname,LASOLICITOR,1774971928207400,la.admin.1@gmail.com,Pass19word
Z8MUJEA,perf_la_user_6@gmail.com,Pass19word,LAOrg1,Firstname,Lastname,LASOLICITOR,1774971890446747,la.admin.1@gmail.com,Pass19word
Z8MUJEA,perf_la_user_7@gmail.com,Pass19word,LAOrg1,Firstname,Lastname,LASOLICITOR,1774971871260836,la.admin.1@gmail.com,Pass19word
Z8MUJEA,perf_la_user_8@gmail.com,Pass19word,LAOrg1,Firstname,Lastname,LASOLICITOR,1774973016288821,la.admin.1@gmail.com,Pass19word
Z8MUJEA,perf_la_user_9@gmail.com,Pass19word,LAOrg1,Firstname,Lastname,LASOLICITOR,1774973151433042,la.admin.1@gmail.com,Pass19word
Z8MUJEA,perf_la_user_10@gmail.com,Pass19word,LAOrg1,Firstname,Lastname,LASOLICITOR,1774973131113219,la.admin.1@gmail.com,Pass19word
R86SP6V,perf_la_user_11@gmail.com,Pass19word,LAOrg2,Firstname,Lastname,LASOLICITOR,1774973074117722,la.admin.2@gmail.com,Pass19word
R86SP6V,perf_la_user_12@gmail.com,Pass19word,LAOrg2,Firstname,Lastname,LASOLICITOR,1774973055232417,la.admin.2@gmail.com,Pass19word
R86SP6V,perf_la_user_13@gmail.com,Pass19word,LAOrg2,Firstname,Lastname,LASOLICITOR,1774973093350155,la.admin.2@gmail.com,Pass19word
R86SP6V,perf_la_user_14@gmail.com,Pass19word,LAOrg2,Firstname,Lastname,LASOLICITOR,1774982750996127,la.admin.2@gmail.com,Pass19word
R86SP6V,perf_la_user_15@gmail.com,Pass19word,LAOrg2,Firstname,Lastname,LASOLICITOR,1774982728584567,la.admin.2@gmail.com,Pass19word
R86SP6V,perf_la_user_16@gmail.com,Pass19word,LAOrg2,Firstname,Lastname,LASOLICITOR,1774982820952654,la.admin.2@gmail.com,Pass19word
R86SP6V,perf_la_user_17@gmail.com,Pass19word,LAOrg2,Firstname,Lastname,LASOLICITOR,1774982773865713,la.admin.2@gmail.com,Pass19word
R86SP6V,perf_la_user_18@gmail.com,Pass19word,LAOrg2,Firstname,Lastname,LASOLICITOR,1774982798234325,la.admin.2@gmail.com,Pass19word
R86SP6V,perf_la_user_19@gmail.com,Pass19word,LAOrg2,Firstname,Lastname,LASOLICITOR,1774982844023821,la.admin.2@gmail.com,Pass19word
R86SP6V,perf_la_user_20@gmail.com,Pass19word,LAOrg2,Firstname,Lastname,LASOLICITOR,1774982984232828,la.admin.2@gmail.com,Pass19word
0MQPD57,perf_la_user_23@gmail.com,Pass19word,LAOrg3,Firstname,Lastname,LASOLICITOR,1774982913864311,la.admin.3@gmail.com,Pass19word
0MQPD57,perf_la_user_24@gmail.com,Pass19word,LAOrg3,Firstname,Lastname,LASOLICITOR,1774982890936033,la.admin.3@gmail.com,Pass19word
0MQPD57,perf_la_user_25@gmail.com,Pass19word,LAOrg3,Firstname,Lastname,LASOLICITOR,1774983123758194,la.admin.3@gmail.com,Pass19word
0MQPD57,perf_la_user_26@gmail.com,Pass19word,LAOrg3,Firstname,Lastname,LASOLICITOR,1774983077803145,la.admin.3@gmail.com,Pass19word
0MQPD57,perf_la_user_27@gmail.com,Pass19word,LAOrg3,Firstname,Lastname,LASOLICITOR,1774983101017084,la.admin.3@gmail.com,Pass19word
0MQPD57,perf_la_user_28@gmail.com,Pass19word,LAOrg3,Firstname,Lastname,LASOLICITOR,1774983054017990,la.admin.3@gmail.com,Pass19word
0MQPD57,perf_la_user_29@gmail.com,Pass19word,LAOrg3,Firstname,Lastname,LASOLICITOR,1774983171281891,la.admin.3@gmail.com,Pass19word
0MQPD57,perf_la_user_30@gmail.com,Pass19word,LAOrg3,Firstname,Lastname,LASOLICITOR,1774983148044083,la.admin.3@gmail.com,Pass19word
E8QIHLP,perf_la_user_31@gmail.com,Pass19word,LAOrg4,Firstname,Lastname,LASOLICITOR,1774983217734127,la.admin.4@gmail.com,Pass19word
E8QIHLP,perf_la_user_32@gmail.com,Pass19word,LAOrg4,Firstname,Lastname,LASOLICITOR,1774983194099221,la.admin.4@gmail.com,Pass19word
E8QIHLP,perf_la_user_33@gmail.com,Pass19word,LAOrg4,Firstname,Lastname,LASOLICITOR,1774984477834243,la.admin.4@gmail.com,Pass19word
E8QIHLP,perf_la_user_34@gmail.com,Pass19word,LAOrg4,Firstname,Lastname,LASOLICITOR,1774984547612710,la.admin.4@gmail.com,Pass19word
E8QIHLP,perf_la_user_35@gmail.com,Pass19word,LAOrg4,Firstname,Lastname,LASOLICITOR,1774984640787377,la.admin.4@gmail.com,Pass19word
E8QIHLP,perf_la_user_36@gmail.com,Pass19word,LAOrg4,Firstname,Lastname,LASOLICITOR,1774984663907258,la.admin.4@gmail.com,Pass19word
E8QIHLP,perf_la_user_37@gmail.com,Pass19word,LAOrg4,Firstname,Lastname,LASOLICITOR,1774971451284941,la.admin.4@gmail.com,Pass19word
E8QIHLP,perf_la_user_38@gmail.com,Pass19word,LAOrg4,Firstname,Lastname,LASOLICITOR,1774971375101049,la.admin.4@gmail.com,Pass19word
E8QIHLP,perf_la_user_39@gmail.com,Pass19word,LAOrg4,Firstname,Lastname,LASOLICITOR,1774971546263660,la.admin.4@gmail.com,Pass19word
E8QIHLP,perf_la_user_40@gmail.com,Pass19word,LAOrg4,Firstname,Lastname,LASOLICITOR,1774971565191131,la.admin.4@gmail.com,Pass19word
64VIN38,perf_la_user_41@gmail.com,Pass19word,LAOrg5,Firstname,Lastname,LASOLICITOR,1774971527194512,la.admin.5@gmail.com,Pass19word
64VIN38,perf_la_user_42@gmail.com,Pass19word,LAOrg5,Firstname,Lastname,LASOLICITOR,1774971508285172,la.admin.5@gmail.com,Pass19word
64VIN38,perf_la_user_43@gmail.com,Pass19word,LAOrg5,Firstname,Lastname,LASOLICITOR,1774971489288880,la.admin.5@gmail.com,Pass19word
64VIN38,perf_la_user_44@gmail.com,Pass19word,LAOrg5,Firstname,Lastname,LASOLICITOR,1774971681771204,la.admin.5@gmail.com,Pass19word
64VIN38,perf_la_user_45@gmail.com,Pass19word,LAOrg5,Firstname,Lastname,LASOLICITOR,1774971661817514,la.admin.5@gmail.com,Pass19word
64VIN38,perf_la_user_46@gmail.com,Pass19word,LAOrg5,Firstname,Lastname,LASOLICITOR,1774971642217875,la.admin.5@gmail.com,Pass19word
64VIN38,perf_la_user_47@gmail.com,Pass19word,LAOrg5,Firstname,Lastname,LASOLICITOR,1774971604595516,la.admin.5@gmail.com,Pass19word
64VIN38,perf_la_user_48@gmail.com,Pass19word,LAOrg5,Firstname,Lastname,LASOLICITOR,1774971623130733,la.admin.5@gmail.com,Pass19word
64VIN38,perf_la_user_49@gmail.com,Pass19word,LAOrg5,Firstname,Lastname,LASOLICITOR,1774971737115034,la.admin.5@gmail.com,Pass19word
64VIN38,perf_la_user_49@gmail.com,Pass19word,LAOrg5,Firstname,Lastname,LASOLICITOR,1774971775516580,la.admin.5@gmail.com,Pass19word
64VIN38,perf_la_user_50@gmail.com,Pass19word,LAOrg5,Firstname,Lastname,LASOLICITOR,1774971756188730,la.admin.5@gmail.com,Pass19word
Z8MUJEA,perf_la_user_1@gmail.com,Pass19word,LAOrg1,Firstname,Lastname,LASOLICITOR,1774971833107364,la.admin.1@gmail.com,Pass19word
Z8MUJEA,perf_la_user_2@gmail.com,Pass19word,LAOrg1,Firstname,Lastname,LASOLICITOR,1774971814374694,la.admin.1@gmail.com,Pass19word
Z8MUJEA,perf_la_user_3@gmail.com,Pass19word,LAOrg1,Firstname,Lastname,LASOLICITOR,1774971795221666,la.admin.1@gmail.com,Pass19word
Z8MUJEA,perf_la_user_4@gmail.com,Pass19word,LAOrg1,Firstname,Lastname,LASOLICITOR,1774971909448692,la.admin.1@gmail.com,Pass19word
Z8MUJEA,perf_la_user_5@gmail.com,Pass19word,LAOrg1,Firstname,Lastname,LASOLICITOR,1774971947461574,la.admin.1@gmail.com,Pass19word
