orgID,LAUser,LAPassword,LAFirm,LAFirstName,LALastName,LARole,caseId,adminUser,adminPassword
Z8MUJEA,perf_la_user_1@gmail.com,Pass19word,LAOrg1,Firstname,Lastname,LASOLICITOR,1775567386535230,la.admin.1@gmail.com,Pass19word
Z8MUJEA,perf_la_user_2@gmail.com,Pass19word,LAOrg1,Firstname,Lastname,LASOLICITOR,1775567323565001,la.admin.1@gmail.com,Pass19word
Z8MUJEA,perf_la_user_3@gmail.com,Pass19word,LAOrg1,Firstname,Lastname,LASOLICITOR,1775567302628648,la.admin.1@gmail.com,Pass19word
Z8MUJEA,perf_la_user_4@gmail.com,Pass19word,LAOrg1,Firstname,Lastname,LASOLICITOR,1775567281640580,la.admin.1@gmail.com,Pass19word
Z8MUJEA,perf_la_user_5@gmail.com,Pass19word,LAOrg1,Firstname,Lastname,LASOLICITOR,1775567449871580,la.admin.1@gmail.com,Pass19word
Z8MUJEA,perf_la_user_6@gmail.com,Pass19word,LAOrg1,Firstname,Lastname,LASOLICITOR,1775567491735782,la.admin.1@gmail.com,Pass19word
Z8MUJEA,perf_la_user_7@gmail.com,Pass19word,LAOrg1,Firstname,Lastname,LASOLICITOR,1775567470786343,la.admin.1@gmail.com,Pass19word
Z8MUJEA,perf_la_user_8@gmail.com,Pass19word,LAOrg1,Firstname,Lastname,LASOLICITOR,1775567512623058,la.admin.1@gmail.com,Pass19word
Z8MUJEA,perf_la_user_9@gmail.com,Pass19word,LAOrg1,Firstname,Lastname,LASOLICITOR,1775567428586696,la.admin.1@gmail.com,Pass19word
Z8MUJEA,perf_la_user_10@gmail.com,Pass19word,LAOrg1,Firstname,Lastname,LASOLICITOR,1775567407705325,la.admin.1@gmail.com,Pass19word
R86SP6V,perf_la_user_11@gmail.com,Pass19word,LAOrg2,Firstname,Lastname,LASOLICITOR,1775567575724959,la.admin.2@gmail.com,Pass19word
R86SP6V,perf_la_user_12@gmail.com,Pass19word,LAOrg2,Firstname,Lastname,LASOLICITOR,1775567534075592,la.admin.2@gmail.com,Pass19word
R86SP6V,perf_la_user_13@gmail.com,Pass19word,LAOrg2,Firstname,Lastname,LASOLICITOR,1775567554500107,la.admin.2@gmail.com,Pass19word
R86SP6V,perf_la_user_14@gmail.com,Pass19word,LAOrg2,Firstname,Lastname,LASOLICITOR,1775567617760136,la.admin.2@gmail.com,Pass19word
R86SP6V,perf_la_user_15@gmail.com,Pass19word,LAOrg2,Firstname,Lastname,LASOLICITOR,1775567722695748,la.admin.2@gmail.com,Pass19word
R86SP6V,perf_la_user_16@gmail.com,Pass19word,LAOrg2,Firstname,Lastname,LASOLICITOR,1775567743720129,la.admin.2@gmail.com,Pass19word
R86SP6V,perf_la_user_17@gmail.com,Pass19word,LAOrg2,Firstname,Lastname,LASOLICITOR,1775567701937558,la.admin.2@gmail.com,Pass19word
R86SP6V,perf_la_user_18@gmail.com,Pass19word,LAOrg2,Firstname,Lastname,LASOLICITOR,1775567638792043,la.admin.2@gmail.com,Pass19word
R86SP6V,perf_la_user_19@gmail.com,Pass19word,LAOrg2,Firstname,Lastname,LASOLICITOR,1775567680506929,la.admin.2@gmail.com,Pass19word
R86SP6V,perf_la_user_20@gmail.com,Pass19word,LAOrg2,Firstname,Lastname,LASOLICITOR,1775567827628867,la.admin.2@gmail.com,Pass19word
0MQPD57,perf_la_user_21@gmail.com,Pass19word,LAOrg3,Firstname,Lastname,LASOLICITOR,1775567848706395,la.admin.3@gmail.com,Pass19word
0MQPD57,perf_la_user_22@gmail.com,Pass19word,LAOrg3,Firstname,Lastname,LASOLICITOR,1775567764811526,la.admin.3@gmail.com,Pass19word
0MQPD57,perf_la_user_23@gmail.com,Pass19word,LAOrg3,Firstname,Lastname,LASOLICITOR,1775567806507397,la.admin.3@gmail.com,Pass19word
0MQPD57,perf_la_user_24@gmail.com,Pass19word,LAOrg3,Firstname,Lastname,LASOLICITOR,1775567785671818,la.admin.3@gmail.com,Pass19word
0MQPD57,perf_la_user_25@gmail.com,Pass19word,LAOrg3,Firstname,Lastname,LASOLICITOR,1775567954131487,la.admin.3@gmail.com,Pass19word
0MQPD57,perf_la_user_26@gmail.com,Pass19word,LAOrg3,Firstname,Lastname,LASOLICITOR,1775567974713108,la.admin.3@gmail.com,Pass19word
0MQPD57,perf_la_user_27@gmail.com,Pass19word,LAOrg3,Firstname,Lastname,LASOLICITOR,1775567995603841,la.admin.3@gmail.com,Pass19word
0MQPD57,perf_la_user_28@gmail.com,Pass19word,LAOrg3,Firstname,Lastname,LASOLICITOR,1775567933079484,la.admin.3@gmail.com,Pass19word
0MQPD57,perf_la_user_29@gmail.com,Pass19word,LAOrg3,Firstname,Lastname,LASOLICITOR,1775567890713208,la.admin.3@gmail.com,Pass19word
0MQPD57,perf_la_user_30@gmail.com,Pass19word,LAOrg3,Firstname,Lastname,LASOLICITOR,1775567911628013,la.admin.3@gmail.com,Pass19word
E8QIHLP,perf_la_user_31@gmail.com,Pass19word,LAOrg4,Firstname,Lastname,LASOLICITOR,1775568058978708,la.admin.4@gmail.com,Pass19word
Z8MUJEA,perf_la_user_2@gmail.com,Pass19word,LAOrg1,Firstname,Lastname,LASOLICITOR,1774971909448692,la.admin.1@gmail.com,Pass19word
Z8MUJEA,perf_la_user_3@gmail.com,Pass19word,LAOrg1,Firstname,Lastname,LASOLICITOR,1774971947461574,la.admin.1@gmail.com,Pass19word
Z8MUJEA,perf_la_user_4@gmail.com,Pass19word,LAOrg1,Firstname,Lastname,LASOLICITOR,1774971928207400,la.admin.1@gmail.com,Pass19word
Z8MUJEA,perf_la_user_5@gmail.com,Pass19word,LAOrg1,Firstname,Lastname,LASOLICITOR,1774971890446747,la.admin.1@gmail.com,Pass19word
Z8MUJEA,perf_la_user_6@gmail.com,Pass19word,LAOrg1,Firstname,Lastname,LASOLICITOR,1774971871260836,la.admin.1@gmail.com,Pass19word
Z8MUJEA,perf_la_user_7@gmail.com,Pass19word,LAOrg1,Firstname,Lastname,LASOLICITOR,1774973016288821,la.admin.1@gmail.com,Pass19word
Z8MUJEA,perf_la_user_8@gmail.com,Pass19word,LAOrg1,Firstname,Lastname,LASOLICITOR,1774973151433042,la.admin.1@gmail.com,Pass19word
Z8MUJEA,perf_la_user_9@gmail.com,Pass19word,LAOrg1,Firstname,Lastname,LASOLICITOR,1774973131113219,la.admin.1@gmail.com,Pass19word
R86SP6V,perf_la_user_11@gmail.com,Pass19word,LAOrg2,Firstname,Lastname,LASOLICITOR,1774973055232417,la.admin.2@gmail.com,Pass19word
R86SP6V,perf_la_user_12@gmail.com,Pass19word,LAOrg2,Firstname,Lastname,LASOLICITOR,1774973093350155,la.admin.2@gmail.com,Pass19word
R86SP6V,perf_la_user_13@gmail.com,Pass19word,LAOrg2,Firstname,Lastname,LASOLICITOR,1774982750996127,la.admin.2@gmail.com,Pass19word
R86SP6V,perf_la_user_14@gmail.com,Pass19word,LAOrg2,Firstname,Lastname,LASOLICITOR,1774982728584567,la.admin.2@gmail.com,Pass19word
R86SP6V,perf_la_user_15@gmail.com,Pass19word,LAOrg2,Firstname,Lastname,LASOLICITOR,1774982820952654,la.admin.2@gmail.com,Pass19word
R86SP6V,perf_la_user_16@gmail.com,Pass19word,LAOrg2,Firstname,Lastname,LASOLICITOR,1774982773865713,la.admin.2@gmail.com,Pass19word
R86SP6V,perf_la_user_17@gmail.com,Pass19word,LAOrg2,Firstname,Lastname,LASOLICITOR,1774982798234325,la.admin.2@gmail.com,Pass19word
R86SP6V,perf_la_user_18@gmail.com,Pass19word,LAOrg2,Firstname,Lastname,LASOLICITOR,1774982844023821,la.admin.2@gmail.com,Pass19word
R86SP6V,perf_la_user_19@gmail.com,Pass19word,LAOrg2,Firstname,Lastname,LASOLICITOR,1774982984232828,la.admin.2@gmail.com,Pass19word
R86SP6V,perf_la_user_20@gmail.com,Pass19word,LAOrg2,Firstname,Lastname,LASOLICITOR,1774982938345965,la.admin.2@gmail.com,Pass19word
0MQPD57,perf_la_user_21@gmail.com,Pass19word,LAOrg3,Firstname,Lastname,LASOLICITOR,1774982960754563,la.admin.3@gmail.com,Pass19word
0MQPD57,perf_la_user_22@gmail.com,Pass19word,LAOrg3,Firstname,Lastname,LASOLICITOR,1774982913864311,la.admin.3@gmail.com,Pass19word
0MQPD57,perf_la_user_23@gmail.com,Pass19word,LAOrg3,Firstname,Lastname,LASOLICITOR,1774982890936033,la.admin.3@gmail.com,Pass19word
0MQPD57,perf_la_user_24@gmail.com,Pass19word,LAOrg3,Firstname,Lastname,LASOLICITOR,1774983123758194,la.admin.3@gmail.com,Pass19word
0MQPD57,perf_la_user_25@gmail.com,Pass19word,LAOrg3,Firstname,Lastname,LASOLICITOR,1774983077803145,la.admin.3@gmail.com,Pass19word
0MQPD57,perf_la_user_26@gmail.com,Pass19word,LAOrg3,Firstname,Lastname,LASOLICITOR,1774983101017084,la.admin.3@gmail.com,Pass19word
0MQPD57,perf_la_user_27@gmail.com,Pass19word,LAOrg3,Firstname,Lastname,LASOLICITOR,1774983054017990,la.admin.3@gmail.com,Pass19word
0MQPD57,perf_la_user_28@gmail.com,Pass19word,LAOrg3,Firstname,Lastname,LASOLICITOR,1774983171281891,la.admin.3@gmail.com,Pass19word
R86SP6V,perf_la_user_14@gmail.com,Pass19word,LAOrg2,Firstname,Lastname,LASOLICITOR,1774982728584567,la.admin.2@gmail.com,Pass19word
R86SP6V,perf_la_user_15@gmail.com,Pass19word,LAOrg2,Firstname,Lastname,LASOLICITOR,1774982820952654,la.admin.2@gmail.com,Pass19word
R86SP6V,perf_la_user_16@gmail.com,Pass19word,LAOrg2,Firstname,Lastname,LASOLICITOR,1774982773865713,la.admin.2@gmail.com,Pass19word
R86SP6V,perf_la_user_17@gmail.com,Pass19word,LAOrg2,Firstname,Lastname,LASOLICITOR,1774982798234325,la.admin.2@gmail.com,Pass19word
R86SP6V,perf_la_user_18@gmail.com,Pass19word,LAOrg2,Firstname,Lastname,LASOLICITOR,1774982844023821,la.admin.2@gmail.com,Pass19word
R86SP6V,perf_la_user_19@gmail.com,Pass19word,LAOrg2,Firstname,Lastname,LASOLICITOR,1774982984232828,la.admin.2@gmail.com,Pass19word
R86SP6V,perf_la_user_20@gmail.com,Pass19word,LAOrg2,Firstname,Lastname,LASOLICITOR,1774982938345965,la.admin.2@gmail.com,Pass19word
0MQPD57,perf_la_user_21@gmail.com,Pass19word,LAOrg3,Firstname,Lastname,LASOLICITOR,1774982960754563,la.admin.3@gmail.com,Pass19word
0MQPD57,perf_la_user_22@gmail.com,Pass19word,LAOrg3,Firstname,Lastname,LASOLICITOR,1774982913864311,la.admin.3@gmail.com,Pass19word
0MQPD57,perf_la_user_23@gmail.com,Pass19word,LAOrg3,Firstname,Lastname,LASOLICITOR,1774982890936033,la.admin.3@gmail.com,Pass19word
0MQPD57,perf_la_user_24@gmail.com,Pass19word,LAOrg3,Firstname,Lastname,LASOLICITOR,1774983123758194,la.admin.3@gmail.com,Pass19word
0MQPD57,perf_la_user_25@gmail.com,Pass19word,LAOrg3,Firstname,Lastname,LASOLICITOR,1774983077803145,la.admin.3@gmail.com,Pass19word
0MQPD57,perf_la_user_26@gmail.com,Pass19word,LAOrg3,Firstname,Lastname,LASOLICITOR,1774983101017084,la.admin.3@gmail.com,Pass19word
0MQPD57,perf_la_user_27@gmail.com,Pass19word,LAOrg3,Firstname,Lastname,LASOLICITOR,1774983054017990,la.admin.3@gmail.com,Pass19word
0MQPD57,perf_la_user_28@gmail.com,Pass19word,LAOrg3,Firstname,Lastname,LASOLICITOR,1774983171281891,la.admin.3@gmail.com,Pass19word
